County,DownloadUrl
Adams,https://lidar.jinha.org/QL2_3DEP_LiDAR_IN_2017_2019_l2/adams/
Allen,https://lidar.jinha.org/QL2_3DEP_LiDAR_IN_2017_2019_l2/allen/
Bartholomew,https://lidar.jinha.org/QL2_3DEP_LiDAR_IN_2017_2019_l2/bartholomew/
Benton,https://lidar.jinha.org/QL2_3DEP_LiDAR_IN_2017_2019_l2/benton/
Blackford,https://lidar.jinha.org/QL2_3DEP_LiDAR_IN_2017_2019_l2/blackford/
Boone,https://lidar.jinha.org/QL2_3DEP_LiDAR_IN_2017_2019_l2/boone/
Brown,https://lidar.jinha.org/QL2_3DEP_LiDAR_IN_2017_2019_l2/brown/
Carroll,https://lidar.jinha.org/QL2_3DEP_LiDAR_IN_2017_2019_l2/carroll/
Cass,https://lidar.jinha.org/QL2_3DEP_LiDAR_IN_2017_2019_l2/cass/
Clark,https://lidar.jinha.org/QL2_3DEP_LiDAR_IN_2017_2019_l2/clark/
Clay,https://lidar.jinha.org/QL2_3DEP_LiDAR_IN_2017_2019_l2/clay/
Clinton,https://lidar.jinha.org/QL2_3DEP_LiDAR_IN_2017_2019_l2/clinton/
Crawford,https://lidar.jinha.org/QL2_3DEP_LiDAR_IN_2017_2019_l2/crawford/
Daviess,https://lidar.jinha.org/QL2_3DEP_LiDAR_IN_2017_2019_l2/daviess/
Dearborn,https://lidar.jinha.org/QL2_3DEP_LiDAR_IN_2017_2019_l2/dearborn/
Decatur,https://lidar.jinha.org/QL2_3DEP_LiDAR_IN_2017_2019_l2/decatur/
Delaware,https://lidar.jinha.org/QL2_3DEP_LiDAR_IN_2017_2019_l2/delaware/
Dkalb,https://lidar.jinha.org/QL2_3DEP_LiDAR_IN_2017_2019_l2/dkalb/
Dubois,https://lidar.jinha.org/QL2_3DEP_LiDAR_IN_2017_2019_l2/dubois/
Elkhart,https://lidar.jinha.org/QL2_3DEP_LiDAR_IN_2017_2019_l2/elkhart/
Fayette,https://lidar.jinha.org/QL2_3DEP_LiDAR_IN_2017_2019_l2/fayette/
Floyd,https://lidar.jinha.org/QL2_3DEP_LiDAR_IN_2017_2019_l2/floyd/
Fountain,https://lidar.jinha.org/QL2_3DEP_LiDAR_IN_2017_2019_l2/fountain/
Franklin,https://lidar.jinha.org/QL2_3DEP_LiDAR_IN_2017_2019_l2/franklin/
Fulton,https://lidar.jinha.org/QL2_3DEP_LiDAR_IN_2017_2019_l2/fulton/
Gibson,https://lidar.jinha.org/QL2_3DEP_LiDAR_IN_2017_2019_l2/gibson/
Grant,https://lidar.jinha.org/QL2_3DEP_LiDAR_IN_2017_2019_l2/grant/
Greene,https://lidar.jinha.org/QL2_3DEP_LiDAR_IN_2017_2019_l2/greene/
Hamilton,https://lidar.jinha.org/QL2_3DEP_LiDAR_IN_2017_2019_l2/hamilton/
Hancock,https://lidar.jinha.org/QL2_3DEP_LiDAR_IN_2017_2019_l2/hancock/
Harrison,https://lidar.jinha.org/QL2_3DEP_LiDAR_IN_2017_2019_l2/harrison/
Hendricks,https://lidar.jinha.org/QL2_3DEP_LiDAR_IN_2017_2019_l2/hendricks/
Henry,https://lidar.jinha.org/QL2_3DEP_LiDAR_IN_2017_2019_l2/henry/
Howard,https://lidar.jinha.org/QL2_3DEP_LiDAR_IN_2017_2019_l2/howard/
Huntington,https://lidar.jinha.org/QL2_3DEP_LiDAR_IN_2017_2019_l2/huntington/
Jackson,https://lidar.jinha.org/QL2_3DEP_LiDAR_IN_2017_2019_l2/jackson/
Jasper,https://lidar.jinha.org/QL2_3DEP_LiDAR_IN_2017_2019_l2/jasper/
Jay,https://lidar.jinha.org/QL2_3DEP_LiDAR_IN_2017_2019_l2/jay/
Jefferson,https://lidar.jinha.org/QL2_3DEP_LiDAR_IN_2017_2019_l2/jefferson/
Jennings,https://lidar.jinha.org/QL2_3DEP_LiDAR_IN_2017_2019_l2/jennings/
Johnson,https://lidar.jinha.org/QL2_3DEP_LiDAR_IN_2017_2019_l2/johnson/
Knox,https://lidar.jinha.org/QL2_3DEP_LiDAR_IN_2017_2019_l2/knox/
Kosciusko,https://lidar.jinha.org/QL2_3DEP_LiDAR_IN_2017_2019_l2/kosciusko/
Lagrange,https://lidar.jinha.org/QL2_3DEP_LiDAR_IN_2017_2019_l2/lagrange/
Lake,https://lidar.jinha.org/QL2_3DEP_LiDAR_IN_2017_2019_l2/lake/
Laporte,https://lidar.jinha.org/QL2_3DEP_LiDAR_IN_2017_2019_l2/laporte/
Lawrence,https://lidar.jinha.org/QL2_3DEP_LiDAR_IN_2017_2019_l2/lawrence/
Madison,https://lidar.jinha.org/QL2_3DEP_LiDAR_IN_2017_2019_l2/madison/
Marion,https://lidar.jinha.org/QL2_3DEP_LiDAR_IN_2017_2019_l2/marion/
Marshall,https://lidar.jinha.org/QL2_3DEP_LiDAR_IN_2017_2019_l2/marshall/
Martin,https://lidar.jinha.org/QL2_3DEP_LiDAR_IN_2017_2019_l2/martin/
Miami,https://lidar.jinha.org/QL2_3DEP_LiDAR_IN_2017_2019_l2/miami/
Monroe,https://lidar.jinha.org/QL2_3DEP_LiDAR_IN_2017_2019_l2/monroe/
Montgomery,https://lidar.jinha.org/QL2_3DEP_LiDAR_IN_2017_2019_l2/montgomery/
Morgan,https://lidar.jinha.org/QL2_3DEP_LiDAR_IN_2017_2019_l2/morgan/
Newton,https://lidar.jinha.org/QL2_3DEP_LiDAR_IN_2017_2019_l2/newton/
Noble,https://lidar.jinha.org/QL2_3DEP_LiDAR_IN_2017_2019_l2/noble/
Ohio,https://lidar.jinha.org/QL2_3DEP_LiDAR_IN_2017_2019_l2/ohio/
Orange,https://lidar.jinha.org/QL2_3DEP_LiDAR_IN_2017_2019_l2/orange/
Owen,https://lidar.jinha.org/QL2_3DEP_LiDAR_IN_2017_2019_l2/owen/
Parke,https://lidar.jinha.org/QL2_3DEP_LiDAR_IN_2017_2019_l2/parke/
Perry,https://lidar.jinha.org/QL2_3DEP_LiDAR_IN_2017_2019_l2/perry/
Pike,https://lidar.jinha.org/QL2_3DEP_LiDAR_IN_2017_2019_l2/pike/
Porter,https://lidar.jinha.org/QL2_3DEP_LiDAR_IN_2017_2019_l2/porter/
Posey,https://lidar.jinha.org/QL2_3DEP_LiDAR_IN_2017_2019_l2/posey/
Pulaski,https://lidar.jinha.org/QL2_3DEP_LiDAR_IN_2017_2019_l2/pulaski/
Putnam,https://lidar.jinha.org/QL2_3DEP_LiDAR_IN_2017_2019_l2/putnam/
Randolph,https://lidar.jinha.org/QL2_3DEP_LiDAR_IN_2017_2019_l2/randolph/
Ripley,https://lidar.jinha.org/QL2_3DEP_LiDAR_IN_2017_2019_l2/ripley/
Rush,https://lidar.jinha.org/QL2_3DEP_LiDAR_IN_2017_2019_l2/rush/
Scott,https://lidar.jinha.org/QL2_3DEP_LiDAR_IN_2017_2019_l2/scott/
Shelby,https://lidar.jinha.org/QL2_3DEP_LiDAR_IN_2017_2019_l2/shelby/
Spencer,https://lidar.jinha.org/QL2_3DEP_LiDAR_IN_2017_2019_l2/spencer/
Starke,https://lidar.jinha.org/QL2_3DEP_LiDAR_IN_2017_2019_l2/starke/
Steuben,https://lidar.jinha.org/QL2_3DEP_LiDAR_IN_2017_2019_l2/steuben/
Stjoseph,https://lidar.jinha.org/QL2_3DEP_LiDAR_IN_2017_2019_l2/stjoseph/
Sullivan,https://lidar.jinha.org/QL2_3DEP_LiDAR_IN_2017_2019_l2/sullivan/
Switzerland,https://lidar.jinha.org/QL2_3DEP_LiDAR_IN_2017_2019_l2/switzerland/
Tippecanoe,https://lidar.jinha.org/QL2_3DEP_LiDAR_IN_2017_2019_l2/tippecanoe/
Tipton,https://lidar.jinha.org/QL2_3DEP_LiDAR_IN_2017_2019_l2/tipton/
Union,https://lidar.jinha.org/QL2_3DEP_LiDAR_IN_2017_2019_l2/union/
Vanderburgh,https://lidar.jinha.org/QL2_3DEP_LiDAR_IN_2017_2019_l2/vanderburgh/
Vermillion,https://lidar.jinha.org/QL2_3DEP_LiDAR_IN_2017_2019_l2/vermillion/
Vigo,https://lidar.jinha.org/QL2_3DEP_LiDAR_IN_2017_2019_l2/vigo/
Wabash,https://lidar.jinha.org/QL2_3DEP_LiDAR_IN_2017_2019_l2/wabash/
Warren,https://lidar.jinha.org/QL2_3DEP_LiDAR_IN_2017_2019_l2/warren/
Warrick,https://lidar.jinha.org/QL2_3DEP_LiDAR_IN_2017_2019_l2/warrick/
Washington,https://lidar.jinha.org/QL2_3DEP_LiDAR_IN_2017_2019_l2/washington/
Wayne,https://lidar.jinha.org/QL2_3DEP_LiDAR_IN_2017_2019_l2/wayne/
Wells,https://lidar.jinha.org/QL2_3DEP_LiDAR_IN_2017_2019_l2/wells/
White,https://lidar.jinha.org/QL2_3DEP_LiDAR_IN_2017_2019_l2/white/
Whitley,https://lidar.jinha.org/QL2_3DEP_LiDAR_IN_2017_2019_l2/whitley/